弘仁号,淘宝
DO PROJECT,Wal-Mart Stores
金满发号,天猫
DONG FENG,Schwarz Group
Speed Craft,The Kroger
清远号,天猫
Thames,Wal-Mart Stores
金得泰号,唯品会
康济号,天猫
Sampan,The Kroger
伏波号,淘宝
划水号,唯品会
Colorado,Amazon.com
清和号,京东
安济号,淘宝
ABX,Costco Wholesale
TIAN YUN HE,Wal-Mart Stores
ice-breaker,Schwarz Group
保民号,唯品会
泰安号,唯品会
三卫号,蘑菇街
永兴号,蘑菇街
Zambezi,The Kroger
百粤号,蘑菇街
平靖号,聚划算
建胜号,京东
混江龙号,拼多多
金德胜号,天猫
QI MEN,Wal-Mart Stores
HUA SHUN 88,Amazon.com
长宁号,淘宝
Okavango,Schwarz Group
FOX,Costco Wholesale
四平号,拼多多
撞倒山号,蘑菇街
塞断江号,拼多多
Nile,The Kroger
Mississippi,Costco Wholesale
Danube,Costco Wholesale
致远号,聚划算
惠康号,京东
广寿号,拼多多
QING SHUI HE,Amazon.com
TIAN BAO HE,Amazon.com
清锋瑞号,京东
Rhine,Schwarz Group
摸鱼号,聚划算
金八达号,聚划算
